product_code,location_code,is_active
PRD_031,LOC_198,1
PRD_031,LOC_230,1
PRD_032,LOC_200,1
PRD_032,LOC_238,1
PRD_033,LOC_137,1
PRD_033,LOC_240,1
PRD_034,LOC_137,1
PRD_035,LOC_137,1
PRD_036,LOC_241,1
PRD_037,LOC_200,1
PRD_037,LOC_238,1
PRD_038,LOC_242,1
PRD_039,LOC_198,1
PRD_039,LOC_230,1
PRD_040,LOC_243,1
PRD_042,LOC_133,1
PRD_043,LOC_133,1
PRD_045,LOC_133,1
PRD_046,LOC_220,1
PRD_048,LOC_133,1
PRD_056,LOC_198,1
PRD_056,LOC_230,1
PRD_057,LOC_198,1
PRD_057,LOC_230,1
PRD_058,LOC_198,1
PRD_058,LOC_230,1
PRD_059,LOC_198,1
PRD_059,LOC_230,1
PRD_060,LOC_198,1
PRD_060,LOC_230,1
PRD_061,LOC_198,1
PRD_061,LOC_230,1
PRD_062,LOC_198,1
PRD_062,LOC_230,1
PRD_063,LOC_199,1
PRD_063,LOC_231,1
PRD_064,LOC_199,1
PRD_064,LOC_231,1
PRD_065,LOC_199,1
PRD_065,LOC_231,1
PRD_066,LOC_199,1
PRD_066,LOC_231,1
PRD_067,LOC_232,1
PRD_068,LOC_232,1
PRD_069,LOC_201,1
PRD_069,LOC_233,1
PRD_070,LOC_201,1
PRD_070,LOC_233,1
PRD_071,LOC_201,1
PRD_071,LOC_233,1
PRD_072,LOC_201,1
PRD_072,LOC_233,1
PRD_073,LOC_234,1
PRD_074,LOC_235,1
PRD_075,LOC_236,1
PRD_076,LOC_236,1
PRD_077,LOC_237,1
PRD_078,LOC_237,1
PRD_079,LOC_237,1
PRD_080,LOC_237,1
PRD_081,LOC_237,1
PRD_082,LOC_237,1
PRD_083,LOC_200,1
PRD_083,LOC_238,1
PRD_084,LOC_200,1
PRD_084,LOC_238,1
PRD_085,LOC_239,1
PRD_086,LOC_252,1
PRD_087,LOC_252,1
PRD_088,LOC_252,1
PRD_089,LOC_253,1
PRD_090,LOC_253,1
PRD_091,LOC_253,1
PRD_092,LOC_253,1
PRD_093,LOC_253,1
PRD_094,LOC_253,1
PRD_095,LOC_222,1
PRD_095,LOC_244,1
PRD_096,LOC_222,1
PRD_096,LOC_244,1
PRD_097,LOC_222,1
PRD_097,LOC_244,1
PRD_098,LOC_222,1
PRD_098,LOC_244,1
PRD_099,LOC_223,1
PRD_099,LOC_245,1
PRD_100,LOC_223,1
PRD_100,LOC_245,1
PRD_101,LOC_223,1
PRD_101,LOC_245,1
PRD_102,LOC_223,1
PRD_102,LOC_245,1
PRD_103,LOC_224,1
PRD_103,LOC_246,1
PRD_104,LOC_224,1
PRD_104,LOC_246,1
PRD_105,LOC_224,1
PRD_105,LOC_246,1
PRD_106,LOC_224,1
PRD_106,LOC_246,1
PRD_107,LOC_225,1
PRD_107,LOC_247,1
PRD_108,LOC_225,1
PRD_108,LOC_247,1
PRD_109,LOC_225,1
PRD_109,LOC_247,1
PRD_110,LOC_225,1
PRD_110,LOC_247,1
PRD_111,LOC_225,1
PRD_111,LOC_247,1
PRD_112,LOC_225,1
PRD_112,LOC_247,1
PRD_113,LOC_226,1
PRD_113,LOC_248,1
PRD_114,LOC_226,1
PRD_114,LOC_248,1
PRD_115,LOC_227,1
PRD_115,LOC_249,1
PRD_116,LOC_228,1
PRD_116,LOC_250,1
PRD_117,LOC_229,1
PRD_117,LOC_251,1
PRD_118,LOC_254,1
PRD_119,LOC_255,1
PRD_120,LOC_252,1
PRD_121,LOC_267,1
PRD_122,LOC_256,1
PRD_123,LOC_256,1
PRD_124,LOC_257,1
PRD_125,LOC_258,1
PRD_126,LOC_258,1
PRD_127,LOC_259,1
PRD_128,LOC_260,1
PRD_129,LOC_261,1
PRD_130,LOC_262,1
PRD_131,LOC_252,1
PRD_132,LOC_263,1
PRD_133,LOC_264,1
PRD_134,LOC_265,1
PRD_135,LOC_266,1
PRD_136,LOC_230,1
PRD_136,LOC_268,1
PRD_137,LOC_230,1
PRD_137,LOC_268,1
PRD_138,LOC_230,1
PRD_138,LOC_268,1
PRD_139,LOC_230,1
PRD_139,LOC_268,1
PRD_140,LOC_230,1
PRD_140,LOC_268,1
PRD_141,LOC_230,1
PRD_141,LOC_268,1
PRD_142,LOC_230,1
PRD_142,LOC_268,1
PRD_143,LOC_230,1
PRD_143,LOC_268,1
PRD_144,LOC_269,1
PRD_145,LOC_269,1
PRD_146,LOC_269,1
PRD_147,LOC_269,1
PRD_148,LOC_269,1
PRD_149,LOC_269,1
PRD_150,LOC_231,1
PRD_150,LOC_270,1
PRD_151,LOC_231,1
PRD_151,LOC_270,1
PRD_152,LOC_231,1
PRD_152,LOC_270,1
PRD_153,LOC_231,1
PRD_153,LOC_270,1
PRD_154,LOC_232,1
PRD_154,LOC_271,1
PRD_155,LOC_232,1
PRD_155,LOC_271,1
PRD_156,LOC_232,1
PRD_156,LOC_271,1
PRD_157,LOC_232,1
PRD_157,LOC_271,1
PRD_158,LOC_232,1
PRD_158,LOC_271,1
PRD_159,LOC_232,1
PRD_159,LOC_271,1
PRD_160,LOC_232,1
PRD_160,LOC_271,1
PRD_161,LOC_272,1
PRD_162,LOC_272,1
PRD_163,LOC_269,1
PRD_164,LOC_273,1
PRD_165,LOC_274,1
PRD_166,LOC_274,1
PRD_167,LOC_275,1
PRD_168,LOC_275,1
PRD_169,LOC_276,1
PRD_170,LOC_269,1
PRD_171,LOC_269,1
PRD_172,LOC_269,1
PRD_173,LOC_269,1
PRD_174,LOC_277,1
PRD_175,LOC_278,1
PRD_176,LOC_279,1
PRD_177,LOC_280,1
PRD_178,LOC_280,1
PRD_179,LOC_281,1
PRD_180,LOC_282,1
PRD_181,LOC_283,1
PRD_182,LOC_283,1
PRD_183,LOC_284,1
PRD_184,LOC_269,1
PRD_185,LOC_269,1
PRD_186,LOC_202,1
PRD_186,LOC_285,1
PRD_187,LOC_202,1
PRD_187,LOC_285,1
PRD_188,LOC_202,1
PRD_188,LOC_285,1
PRD_189,LOC_202,1
PRD_189,LOC_285,1
PRD_190,LOC_203,1
PRD_190,LOC_286,1
PRD_191,LOC_203,1
PRD_191,LOC_286,1
PRD_192,LOC_203,1
PRD_192,LOC_286,1
PRD_193,LOC_204,1
PRD_193,LOC_287,1
PRD_194,LOC_204,1
PRD_194,LOC_287,1
PRD_195,LOC_204,1
PRD_195,LOC_287,1
PRD_196,LOC_204,1
PRD_196,LOC_288,1
PRD_197,LOC_204,1
PRD_197,LOC_287,1
PRD_198,LOC_204,1
PRD_198,LOC_287,1
PRD_199,LOC_206,1
PRD_199,LOC_289,1
PRD_200,LOC_206,1
PRD_200,LOC_289,1
PRD_201,LOC_206,1
PRD_201,LOC_289,1
PRD_202,LOC_206,1
PRD_202,LOC_289,1
PRD_203,LOC_207,1
PRD_203,LOC_290,1
PRD_204,LOC_207,1
PRD_204,LOC_290,1
PRD_205,LOC_208,1
PRD_205,LOC_291,1
PRD_206,LOC_208,1
PRD_206,LOC_291,1
PRD_207,LOC_208,1
PRD_207,LOC_291,1
PRD_208,LOC_292,1
PRD_209,LOC_292,1
PRD_210,LOC_292,1
PRD_211,LOC_292,1
PRD_212,LOC_292,1
PRD_213,LOC_292,1
PRD_214,LOC_209,1
PRD_214,LOC_293,1
PRD_215,LOC_209,1
PRD_215,LOC_293,1
PRD_216,LOC_209,1
PRD_216,LOC_293,1
PRD_217,LOC_294,1
PRD_219,LOC_295,1
PRD_220,LOC_295,1
PRD_221,LOC_296,1
PRD_222,LOC_297,1
PRD_223,LOC_205,1
PRD_223,LOC_298,1
PRD_224,LOC_205,1
PRD_224,LOC_298,1
PRD_225,LOC_205,1
PRD_225,LOC_298,1
PRD_226,LOC_205,1
PRD_226,LOC_298,1
PRD_227,LOC_205,1
PRD_227,LOC_298,1
PRD_228,LOC_205,1
PRD_228,LOC_298,1
PRD_229,LOC_210,1
PRD_229,LOC_299,1
PRD_230,LOC_210,1
PRD_230,LOC_299,1
PRD_231,LOC_210,1
PRD_231,LOC_299,1
PRD_232,LOC_211,1
PRD_232,LOC_300,1
PRD_233,LOC_300,1
PRD_234,LOC_301,1
PRD_235,LOC_302,1
PRD_236,LOC_212,1
PRD_236,LOC_310,1
PRD_237,LOC_212,1
PRD_237,LOC_220,1
PRD_238,LOC_212,1
PRD_238,LOC_310,1
PRD_239,LOC_212,1
PRD_239,LOC_310,1
PRD_240,LOC_213,1
PRD_241,LOC_213,1
PRD_242,LOC_213,1
PRD_243,LOC_214,1
PRD_244,LOC_214,1
PRD_245,LOC_214,1
PRD_246,LOC_214,1
PRD_247,LOC_215,1
PRD_247,LOC_305,1
PRD_248,LOC_216,1
PRD_249,LOC_216,1
PRD_250,LOC_216,1
PRD_251,LOC_216,1
PRD_252,LOC_217,1
PRD_252,LOC_307,1
PRD_253,LOC_217,1
PRD_253,LOC_307,1
PRD_254,LOC_217,1
PRD_254,LOC_307,1
PRD_255,LOC_217,1
PRD_255,LOC_307,1
PRD_256,LOC_217,1
PRD_256,LOC_307,1
PRD_257,LOC_217,1
PRD_257,LOC_307,1
PRD_258,LOC_217,1
PRD_258,LOC_307,1
PRD_259,LOC_141,1
PRD_260,LOC_313,1
PRD_261,LOC_313,1
PRD_262,LOC_313,1
PRD_263,LOC_141,1
PRD_264,LOC_141,1
PRD_265,LOC_141,1
PRD_266,LOC_141,1
PRD_267,LOC_141,1
PRD_268,LOC_141,1
PRD_269,LOC_141,1
PRD_270,LOC_141,1
PRD_271,LOC_141,1
PRD_272,LOC_141,1
PRD_273,LOC_218,1
PRD_273,LOC_308,1
PRD_274,LOC_218,1
PRD_274,LOC_308,1
PRD_275,LOC_218,1
PRD_275,LOC_308,1
PRD_276,LOC_218,1
PRD_276,LOC_308,1
PRD_277,LOC_218,1
PRD_277,LOC_308,1
PRD_278,LOC_219,1
PRD_279,LOC_219,1
PRD_280,LOC_219,1
PRD_281,LOC_219,1
PRD_282,LOC_219,1
PRD_283,LOC_311,1
PRD_284,LOC_312,1
PRD_285,LOC_141,1
PRD_286,LOC_213,1
PRD_286,LOC_233,1
PRD_287,LOC_315,1
PRD_288,LOC_315,1
PRD_289,LOC_315,1
PRD_290,LOC_235,1
PRD_290,LOC_315,1
PRD_291,LOC_235,1
PRD_291,LOC_315,1
PRD_292,LOC_235,1
PRD_292,LOC_315,1
PRD_293,LOC_234,1
PRD_293,LOC_315,1
PRD_294,LOC_234,1
PRD_294,LOC_315,1
PRD_295,LOC_315,1
PRD_296,LOC_234,1
PRD_296,LOC_315,1
PRD_297,LOC_234,1
PRD_297,LOC_315,1
PRD_298,LOC_234,1
PRD_298,LOC_315,1
PRD_299,LOC_234,1
PRD_299,LOC_315,1
PRD_300,LOC_315,1
PRD_301,LOC_315,1
PRD_302,LOC_315,1
PRD_303,LOC_315,1
PRD_304,LOC_315,1
PRD_305,LOC_315,1
PRD_306,LOC_234,1
PRD_306,LOC_315,1
PRD_307,LOC_315,1
PRD_308,LOC_315,1
PRD_309,LOC_315,1
PRD_310,LOC_315,1
PRD_311,LOC_315,1
PRD_312,LOC_315,1
PRD_313,LOC_315,1
PRD_314,LOC_315,1
PRD_315,LOC_315,1
PRD_316,LOC_315,1
PRD_317,LOC_315,1
PRD_318,LOC_315,1
PRD_319,LOC_315,1
PRD_320,LOC_315,1
PRD_321,LOC_315,1
PRD_322,LOC_315,1
PRD_323,LOC_315,1
PRD_324,LOC_315,1
PRD_325,LOC_315,1
PRD_326,LOC_315,1
PRD_327,LOC_315,1
PRD_328,LOC_215,1
PRD_328,LOC_236,1
PRD_329,LOC_215,1
PRD_329,LOC_236,1
PRD_330,LOC_216,1
PRD_330,LOC_237,1
PRD_331,LOC_217,1
PRD_331,LOC_238,1
PRD_332,LOC_217,1
PRD_332,LOC_238,1
PRD_333,LOC_218,1
PRD_333,LOC_239,1
PRD_334,LOC_315,1
PRD_335,LOC_315,1
PRD_336,LOC_143,1
PRD_336,LOC_320,1
PRD_337,LOC_143,1
PRD_338,LOC_143,1
PRD_339,LOC_143,1
PRD_340,LOC_143,1
PRD_340,LOC_320,1
PRD_341,LOC_143,1
PRD_342,LOC_143,1
PRD_343,LOC_143,1
PRD_344,LOC_143,1
PRD_345,LOC_143,1
PRD_346,LOC_143,1
PRD_347,LOC_143,1
PRD_348,LOC_143,1
PRD_349,LOC_143,1
PRD_350,LOC_143,1
PRD_351,LOC_143,1
PRD_352,LOC_143,1
PRD_353,LOC_143,1
PRD_354,LOC_143,1
PRD_355,LOC_143,1
PRD_356,LOC_143,1
PRD_357,LOC_143,1
PRD_358,LOC_143,1
PRD_359,LOC_143,1
PRD_360,LOC_143,1
PRD_361,LOC_143,1
PRD_362,LOC_143,1
PRD_363,LOC_143,1
PRD_364,LOC_143,1
PRD_365,LOC_143,1
PRD_366,LOC_143,1
PRD_367,LOC_143,1
PRD_367,LOC_321,1
PRD_368,LOC_143,1
PRD_369,LOC_143,1
PRD_370,LOC_143,1
PRD_371,LOC_143,1
PRD_372,LOC_143,1
PRD_373,LOC_143,1
PRD_374,LOC_143,1
PRD_374,LOC_322,1
PRD_375,LOC_143,1
PRD_375,LOC_323,1
PRD_376,LOC_143,1
PRD_377,LOC_143,1
PRD_377,LOC_324,1
PRD_378,LOC_143,1
PRD_379,LOC_143,1
PRD_380,LOC_143,1
PRD_381,LOC_143,1
PRD_382,LOC_143,1
PRD_383,LOC_143,1
PRD_384,LOC_143,1
PRD_384,LOC_325,1
PRD_385,LOC_143,1
PRD_386,LOC_133,1
PRD_387,LOC_133,1
PRD_388,LOC_133,1
PRD_389,LOC_133,1
PRD_390,LOC_133,1
PRD_391,LOC_133,1
PRD_392,LOC_133,1
PRD_393,LOC_133,1
PRD_394,LOC_133,1
PRD_395,LOC_133,1
PRD_396,LOC_133,1
PRD_397,LOC_133,1
PRD_398,LOC_133,1
PRD_399,LOC_133,1
PRD_400,LOC_133,1
PRD_401,LOC_133,1
PRD_402,LOC_133,1
PRD_403,LOC_326,1
PRD_404,LOC_220,1
PRD_404,LOC_327,1
PRD_405,LOC_220,1
PRD_405,LOC_327,1
PRD_406,LOC_220,1
PRD_406,LOC_327,1
PRD_407,LOC_220,1
PRD_407,LOC_327,1
PRD_408,LOC_133,1
PRD_408,LOC_221,1
PRD_409,LOC_133,1
PRD_409,LOC_221,1
PRD_410,LOC_133,1
PRD_410,LOC_221,1
PRD_411,LOC_133,1
PRD_412,LOC_133,1
PRD_413,LOC_133,1
PRD_414,LOC_133,1
PRD_415,LOC_133,1
PRD_416,LOC_133,1
PRD_416,LOC_221,1
PRD_417,LOC_133,1
PRD_417,LOC_221,1
PRD_418,LOC_133,1
PRD_418,LOC_221,1
PRD_419,LOC_328,1
PRD_420,LOC_133,1
PRD_421,LOC_329,1
PRD_422,LOC_133,1
PRD_423,LOC_133,1
PRD_424,LOC_133,1
PRD_425,LOC_133,1
PRD_426,LOC_133,1
PRD_427,LOC_133,1
PRD_428,LOC_133,1
PRD_429,LOC_133,1
PRD_430,LOC_133,1
PRD_431,LOC_133,1
PRD_432,LOC_133,1
PRD_433,LOC_133,1
PRD_434,LOC_133,1
PRD_435,LOC_133,1
PRD_436,LOC_001,1
PRD_437,LOC_002,1
PRD_438,LOC_003,1
PRD_439,LOC_004,1
PRD_440,LOC_005,1
PRD_441,LOC_006,1
PRD_442,LOC_007,1
PRD_443,LOC_008,1
PRD_444,LOC_017,1
PRD_445,LOC_005,1
PRD_446,LOC_009,1
PRD_447,LOC_010,1
PRD_448,LOC_011,1
PRD_449,LOC_005,1
PRD_450,LOC_005,1
PRD_451,LOC_012,1
PRD_452,LOC_013,1
PRD_453,LOC_014,1
PRD_454,LOC_009,1
PRD_455,LOC_009,1
PRD_456,LOC_005,1
PRD_457,LOC_005,1
PRD_458,LOC_005,1
PRD_459,LOC_015,1
PRD_460,LOC_015,1
PRD_461,LOC_016,1
PRD_462,LOC_005,1
PRD_463,LOC_005,1
PRD_464,LOC_005,1
PRD_465,LOC_005,1
PRD_466,LOC_005,1
PRD_467,LOC_005,1
PRD_468,LOC_005,1
PRD_469,LOC_005,1
PRD_470,LOC_005,1
PRD_471,LOC_017,1
PRD_472,LOC_005,1
PRD_473,LOC_015,1
PRD_474,LOC_005,1
PRD_475,LOC_005,1
PRD_476,LOC_018,1
PRD_477,LOC_005,1
PRD_478,LOC_005,1
PRD_479,LOC_005,1
PRD_480,LOC_005,1
PRD_481,LOC_005,1
PRD_482,LOC_005,1
PRD_483,LOC_005,1
PRD_484,LOC_005,1
PRD_485,LOC_005,1
PRD_486,LOC_023,1
PRD_487,LOC_023,1
PRD_488,LOC_019,1
PRD_489,LOC_020,1
PRD_490,LOC_023,1
PRD_491,LOC_023,1
PRD_492,LOC_100,1
PRD_493,LOC_021,1
PRD_494,LOC_022,1
PRD_495,LOC_021,1
PRD_496,LOC_023,1
PRD_497,LOC_023,1
PRD_498,LOC_023,1
PRD_499,LOC_023,1
PRD_500,LOC_023,1
PRD_501,LOC_024,1
PRD_502,LOC_023,1
PRD_503,LOC_025,1
PRD_504,LOC_023,1
PRD_505,LOC_023,1
PRD_506,LOC_026,1
PRD_507,LOC_023,1
PRD_508,LOC_027,1
PRD_509,LOC_023,1
PRD_510,LOC_023,1
PRD_511,LOC_028,1
PRD_512,LOC_035,1
PRD_513,LOC_023,1
PRD_514,LOC_029,1
PRD_515,LOC_100,1
PRD_516,LOC_023,1
PRD_517,LOC_030,1
PRD_518,LOC_031,1
PRD_519,LOC_032,1
PRD_520,LOC_100,1
PRD_521,LOC_032,1
PRD_522,LOC_033,1
PRD_523,LOC_033,1
PRD_524,LOC_034,1
PRD_525,LOC_021,1
PRD_526,LOC_023,1
PRD_527,LOC_035,1
PRD_528,LOC_023,1
PRD_529,LOC_101,1
PRD_530,LOC_027,1
PRD_531,LOC_036,1
PRD_532,LOC_037,1
PRD_533,LOC_023,1
PRD_534,LOC_036,1
PRD_535,LOC_024,1
PRD_536,LOC_038,1
PRD_537,LOC_038,1
PRD_538,LOC_038,1
PRD_539,LOC_038,1
PRD_540,LOC_038,1
PRD_541,LOC_038,1
PRD_542,LOC_038,1
PRD_543,LOC_038,1
PRD_544,LOC_038,1
PRD_545,LOC_038,1
PRD_546,LOC_038,1
PRD_547,LOC_038,1
PRD_548,LOC_038,1
PRD_549,LOC_038,1
PRD_550,LOC_038,1
PRD_551,LOC_038,1
PRD_552,LOC_038,1
PRD_553,LOC_038,1
PRD_554,LOC_038,1
PRD_555,LOC_038,1
PRD_556,LOC_038,1
PRD_557,LOC_038,1
PRD_558,LOC_038,1
PRD_559,LOC_038,1
PRD_560,LOC_038,1
PRD_561,LOC_038,1
PRD_562,LOC_038,1
PRD_563,LOC_038,1
PRD_564,LOC_038,1
PRD_565,LOC_038,1
PRD_566,LOC_038,1
PRD_567,LOC_038,1
PRD_568,LOC_038,1
PRD_569,LOC_038,1
PRD_570,LOC_038,1
PRD_571,LOC_038,1
PRD_572,LOC_038,1
PRD_573,LOC_038,1
PRD_574,LOC_038,1
PRD_575,LOC_038,1
PRD_576,LOC_038,1
PRD_577,LOC_038,1
PRD_578,LOC_038,1
PRD_579,LOC_038,1
PRD_580,LOC_038,1
PRD_581,LOC_038,1
PRD_582,LOC_038,1
PRD_583,LOC_038,1
PRD_584,LOC_038,1
PRD_585,LOC_038,1
PRD_586,LOC_041,1
PRD_587,LOC_041,1
PRD_588,LOC_039,1
PRD_589,LOC_040,1
PRD_590,LOC_040,1
PRD_591,LOC_041,1
PRD_592,LOC_041,1
PRD_593,LOC_042,1
PRD_594,LOC_042,1
PRD_595,LOC_039,1
PRD_596,LOC_043,1
PRD_597,LOC_041,1
PRD_598,LOC_041,1
PRD_599,LOC_041,1
PRD_600,LOC_041,1
PRD_601,LOC_044,1
PRD_602,LOC_044,1
PRD_603,LOC_041,1
PRD_604,LOC_041,1
PRD_605,LOC_041,1
PRD_606,LOC_041,1
PRD_607,LOC_127,1
PRD_608,LOC_128,1
PRD_609,LOC_041,1
PRD_610,LOC_129,1
PRD_611,LOC_130,1
PRD_612,LOC_130,1
PRD_613,LOC_045,1
PRD_614,LOC_046,1
PRD_615,LOC_041,1
PRD_616,LOC_041,1
PRD_617,LOC_041,1
PRD_618,LOC_047,1
PRD_619,LOC_041,1
PRD_620,LOC_041,1
PRD_621,LOC_041,1
PRD_622,LOC_131,1
PRD_623,LOC_131,1
PRD_624,LOC_043,1
PRD_625,LOC_041,1
PRD_626,LOC_048,1
PRD_627,LOC_048,1
PRD_628,LOC_041,1
PRD_629,LOC_049,1
PRD_630,LOC_041,1
PRD_631,LOC_041,1
PRD_632,LOC_041,1
PRD_633,LOC_045,1
PRD_634,LOC_050,1
PRD_635,LOC_050,1
PRD_636,LOC_051,1
PRD_637,LOC_052,1
PRD_638,LOC_099,1
PRD_639,LOC_099,1
PRD_640,LOC_099,1
PRD_641,LOC_099,1
PRD_642,LOC_053,1
PRD_643,LOC_054,1
PRD_644,LOC_055,1
PRD_645,LOC_056,1
PRD_646,LOC_056,1
PRD_647,LOC_057,1
PRD_648,LOC_099,1
PRD_649,LOC_099,1
PRD_650,LOC_058,1
PRD_651,LOC_059,1
PRD_652,LOC_099,1
PRD_653,LOC_060,1
PRD_654,LOC_061,1
PRD_655,LOC_099,1
PRD_656,LOC_099,1
PRD_657,LOC_099,1
PRD_658,LOC_099,1
PRD_659,LOC_099,1
PRD_660,LOC_099,1
PRD_661,LOC_052,1
PRD_662,LOC_062,1
PRD_663,LOC_063,1
PRD_664,LOC_102,1
PRD_665,LOC_064,1
PRD_666,LOC_064,1
PRD_667,LOC_062,1
PRD_668,LOC_065,1
PRD_669,LOC_066,1
PRD_670,LOC_051,1
PRD_671,LOC_054,1
PRD_672,LOC_103,1
PRD_673,LOC_104,1
PRD_674,LOC_105,1
PRD_675,LOC_106,1
PRD_676,LOC_067,1
PRD_677,LOC_068,1
PRD_678,LOC_069,1
PRD_679,LOC_070,1
PRD_680,LOC_071,1
PRD_681,LOC_070,1
PRD_682,LOC_072,1
PRD_683,LOC_099,1
PRD_684,LOC_073,1
PRD_685,LOC_073,1
PRD_686,LOC_074,1
PRD_687,LOC_074,1
PRD_688,LOC_083,1
PRD_689,LOC_083,1
PRD_690,LOC_083,1
PRD_691,LOC_075,1
PRD_692,LOC_075,1
PRD_693,LOC_076,1
PRD_694,LOC_074,1
PRD_695,LOC_074,1
PRD_696,LOC_076,1
PRD_697,LOC_083,1
PRD_698,LOC_083,1
PRD_699,LOC_083,1
PRD_700,LOC_083,1
PRD_701,LOC_077,1
PRD_702,LOC_078,1
PRD_703,LOC_074,1
PRD_704,LOC_074,1
PRD_705,LOC_074,1
PRD_706,LOC_074,1
PRD_707,LOC_077,1
PRD_708,LOC_079,1
PRD_709,LOC_079,1
PRD_710,LOC_080,1
PRD_711,LOC_080,1
PRD_712,LOC_081,1
PRD_713,LOC_083,1
PRD_714,LOC_074,1
PRD_715,LOC_074,1
PRD_716,LOC_082,1
PRD_717,LOC_082,1
PRD_718,LOC_083,1
PRD_719,LOC_074,1
PRD_720,LOC_074,1
PRD_721,LOC_074,1
PRD_722,LOC_074,1
PRD_723,LOC_083,1
PRD_724,LOC_084,1
PRD_725,LOC_085,1
PRD_726,LOC_085,1
PRD_727,LOC_083,1
PRD_728,LOC_086,1
PRD_729,LOC_087,1
PRD_730,LOC_087,1
PRD_731,LOC_083,1
PRD_732,LOC_083,1
PRD_733,LOC_083,1
PRD_734,LOC_083,1
PRD_735,LOC_074,1
PRD_736,LOC_088,1
PRD_737,LOC_088,1
PRD_738,LOC_117,1
PRD_739,LOC_116,1
PRD_740,LOC_118,1
PRD_741,LOC_119,1
PRD_742,LOC_088,1
PRD_743,LOC_118,1
PRD_744,LOC_121,1
PRD_745,LOC_112,1
PRD_746,LOC_112,1
PRD_747,LOC_088,1
PRD_748,LOC_088,1
PRD_749,LOC_088,1
PRD_750,LOC_123,1
PRD_751,LOC_119,1
PRD_752,LOC_120,1
PRD_753,LOC_125,1
PRD_754,LOC_113,1
PRD_755,LOC_112,1
PRD_756,LOC_112,1
PRD_757,LOC_114,1
PRD_758,LOC_088,1
PRD_759,LOC_088,1
PRD_760,LOC_113,1
PRD_761,LOC_088,1
PRD_762,LOC_088,1
PRD_763,LOC_114,1
PRD_764,LOC_088,1
PRD_765,LOC_088,1
PRD_766,LOC_126,1
PRD_767,LOC_088,1
PRD_768,LOC_122,1
PRD_769,LOC_088,1
PRD_770,LOC_088,1
PRD_771,LOC_122,1
PRD_772,LOC_088,1
PRD_773,LOC_088,1
PRD_774,LOC_124,1
PRD_775,LOC_088,1
PRD_776,LOC_088,1
PRD_777,LOC_088,1
PRD_778,LOC_088,1
PRD_779,LOC_088,1
PRD_780,LOC_088,1
PRD_781,LOC_115,1
PRD_782,LOC_115,1
PRD_783,LOC_088,1
PRD_784,LOC_088,1
PRD_785,LOC_088,1
PRD_786,LOC_089,1
PRD_787,LOC_089,1
PRD_788,LOC_107,1
PRD_789,LOC_090,1
PRD_790,LOC_090,1
PRD_791,LOC_108,1
PRD_792,LOC_108,1
PRD_793,LOC_090,1
PRD_794,LOC_109,1
PRD_795,LOC_090,1
PRD_796,LOC_090,1
PRD_797,LOC_110,1
PRD_798,LOC_109,1
PRD_799,LOC_109,1
PRD_800,LOC_091,1
PRD_801,LOC_091,1
PRD_802,LOC_109,1
PRD_803,LOC_090,1
PRD_804,LOC_090,1
PRD_805,LOC_109,1
PRD_806,LOC_090,1
PRD_807,LOC_090,1
PRD_808,LOC_090,1
PRD_809,LOC_090,1
PRD_810,LOC_090,1
PRD_811,LOC_111,1
PRD_812,LOC_090,1
PRD_813,LOC_109,1
PRD_814,LOC_093,1
PRD_815,LOC_094,1
PRD_816,LOC_094,1
PRD_817,LOC_090,1
PRD_818,LOC_090,1
PRD_819,LOC_090,1
PRD_820,LOC_090,1
PRD_821,LOC_090,1
PRD_822,LOC_090,1
PRD_823,LOC_111,1
PRD_824,LOC_109,1
PRD_825,LOC_090,1
PRD_826,LOC_095,1
PRD_827,LOC_090,1
PRD_828,LOC_090,1
PRD_829,LOC_132,1
PRD_830,LOC_096,1
PRD_831,LOC_096,1
PRD_832,LOC_097,1
PRD_833,LOC_090,1
PRD_834,LOC_090,1
PRD_835,LOC_090,1
PRD_1236,LOC_144,1
PRD_1237,LOC_144,1
PRD_1238,LOC_144,1
PRD_1239,LOC_144,1
PRD_1240,LOC_144,1
PRD_1241,LOC_144,1
PRD_1242,LOC_146,1
PRD_1243,LOC_146,1
PRD_1244,LOC_146,1
PRD_1245,LOC_144,1
PRD_1246,LOC_146,1
PRD_1247,LOC_146,1
PRD_1248,LOC_146,1
PRD_1249,LOC_146,1
PRD_1250,LOC_146,1
PRD_1251,LOC_146,1
PRD_1252,LOC_146,1
PRD_1253,LOC_146,1
PRD_1254,LOC_146,1
PRD_1255,LOC_146,1
PRD_1256,LOC_146,1
PRD_1257,LOC_146,1
PRD_1258,LOC_146,1
PRD_1259,LOC_146,1
PRD_1260,LOC_146,1
PRD_1261,LOC_146,1
PRD_1262,LOC_147,1
PRD_1263,LOC_146,1
PRD_1264,LOC_146,1
PRD_1265,LOC_146,1
PRD_1266,LOC_153,1
PRD_1267,LOC_153,1
PRD_1268,LOC_153,1
PRD_1269,LOC_153,1
PRD_1270,LOC_155,1
PRD_1271,LOC_155,1
PRD_1272,LOC_155,1
PRD_1273,LOC_154,1
PRD_1274,LOC_154,1
PRD_1275,LOC_144,1
PRD_1276,LOC_144,1
PRD_1277,LOC_144,1
PRD_1278,LOC_144,1
PRD_1279,LOC_152,1
PRD_1280,LOC_152,1
PRD_1281,LOC_152,1
PRD_1282,LOC_146,1
PRD_1283,LOC_146,1
PRD_1284,LOC_146,1
PRD_1285,LOC_146,1
PRD_1286,LOC_156,1
PRD_1287,LOC_156,1
PRD_1288,LOC_156,1
PRD_1289,LOC_156,1
PRD_1290,LOC_156,1
PRD_1291,LOC_156,1
PRD_1292,LOC_156,1
PRD_1293,LOC_156,1
PRD_1294,LOC_156,1
PRD_1295,LOC_156,1
PRD_1296,LOC_156,1
PRD_1297,LOC_156,1
PRD_1298,LOC_156,1
PRD_1299,LOC_156,1
PRD_1300,LOC_156,1
PRD_1301,LOC_156,1
PRD_1302,LOC_156,1
PRD_1303,LOC_156,1
PRD_1304,LOC_156,1
PRD_1305,LOC_157,1
PRD_1306,LOC_156,1
PRD_1307,LOC_156,1
PRD_1308,LOC_156,1
PRD_1309,LOC_156,1
PRD_1310,LOC_156,1
PRD_1311,LOC_156,1
PRD_1312,LOC_156,1
PRD_1313,LOC_156,1
PRD_1314,LOC_156,1
PRD_1315,LOC_156,1
PRD_1316,LOC_156,1
PRD_1317,LOC_156,1
PRD_1318,LOC_156,1
PRD_1319,LOC_156,1
PRD_1320,LOC_156,1
PRD_1321,LOC_156,1
PRD_1322,LOC_156,1
PRD_1323,LOC_156,1
PRD_1324,LOC_156,1
PRD_1325,LOC_156,1
PRD_1326,LOC_156,1
PRD_1327,LOC_156,1
PRD_1328,LOC_156,1
PRD_1329,LOC_156,1
PRD_1330,LOC_156,1
PRD_1331,LOC_156,1
PRD_1332,LOC_156,1
PRD_1333,LOC_156,1
PRD_1334,LOC_156,1
PRD_1335,LOC_156,1
PRD_1336,LOC_159,1
PRD_1337,LOC_158,1
PRD_1338,LOC_159,1
PRD_1339,LOC_159,1
PRD_1340,LOC_159,1
PRD_1341,LOC_159,1
PRD_1342,LOC_159,1
PRD_1343,LOC_159,1
PRD_1344,LOC_159,1
PRD_1345,LOC_159,1
PRD_1346,LOC_159,1
PRD_1347,LOC_159,1
PRD_1348,LOC_159,1
PRD_1349,LOC_159,1
PRD_1350,LOC_158,1
PRD_1351,LOC_160,1
PRD_1352,LOC_160,1
PRD_1353,LOC_160,1
PRD_1354,LOC_161,1
PRD_1355,LOC_161,1
PRD_1356,LOC_159,1
PRD_1357,LOC_159,1
PRD_1358,LOC_159,1
PRD_1359,LOC_159,1
PRD_1360,LOC_159,1
PRD_1361,LOC_159,1
PRD_1362,LOC_159,1
PRD_1363,LOC_159,1
PRD_1364,LOC_159,1
PRD_1365,LOC_159,1
PRD_1366,LOC_159,1
PRD_1367,LOC_159,1
PRD_1368,LOC_159,1
PRD_1369,LOC_159,1
PRD_1370,LOC_159,1
PRD_1371,LOC_159,1
PRD_1372,LOC_159,1
PRD_1373,LOC_159,1
PRD_1374,LOC_159,1
PRD_1375,LOC_159,1
PRD_1376,LOC_159,1
PRD_1377,LOC_159,1
PRD_1378,LOC_159,1
PRD_1379,LOC_159,1
PRD_1380,LOC_159,1
PRD_1381,LOC_162,1
PRD_1382,LOC_162,1
PRD_1383,LOC_162,1
PRD_1384,LOC_162,1
PRD_1385,LOC_162,1
PRD_1386,LOC_163,1
PRD_1387,LOC_163,1
PRD_1388,LOC_163,1
PRD_1389,LOC_163,1
PRD_1390,LOC_164,1
PRD_1391,LOC_164,1
PRD_1392,LOC_164,1
PRD_1393,LOC_164,1
PRD_1394,LOC_165,1
PRD_1395,LOC_165,1
PRD_1396,LOC_166,1
PRD_1397,LOC_166,1
PRD_1398,LOC_166,1
PRD_1399,LOC_167,1
PRD_1400,LOC_167,1
PRD_1401,LOC_167,1
PRD_1402,LOC_168,1
PRD_1403,LOC_168,1
PRD_1404,LOC_168,1
PRD_1405,LOC_169,1
PRD_1406,LOC_170,1
PRD_1407,LOC_170,1
PRD_1408,LOC_170,1
PRD_1409,LOC_171,1
PRD_1410,LOC_171,1
PRD_1411,LOC_169,1
PRD_1412,LOC_169,1
PRD_1413,LOC_169,1
PRD_1414,LOC_169,1
PRD_1415,LOC_171,1
PRD_1416,LOC_172,1
PRD_1417,LOC_172,1
PRD_1418,LOC_172,1
PRD_1419,LOC_172,1
PRD_1420,LOC_172,1
PRD_1421,LOC_168,1
PRD_1422,LOC_168,1
PRD_1423,LOC_167,1
PRD_1424,LOC_167,1
PRD_1425,LOC_173,1
PRD_1426,LOC_173,1
PRD_1427,LOC_163,1
PRD_1428,LOC_163,1
PRD_1429,LOC_163,1
PRD_1430,LOC_174,1
PRD_1431,LOC_174,1
PRD_1432,LOC_174,1
PRD_1433,LOC_174,1
PRD_1434,LOC_174,1
PRD_1435,LOC_174,1
PRD_1436,LOC_175,1
PRD_1437,LOC_175,1
PRD_1438,LOC_175,1
PRD_1439,LOC_175,1
PRD_1440,LOC_176,1
PRD_1441,LOC_176,1
PRD_1442,LOC_176,1
PRD_1443,LOC_176,1
PRD_1444,LOC_176,1
PRD_1445,LOC_176,1
PRD_1446,LOC_176,1
PRD_1447,LOC_176,1
PRD_1448,LOC_177,1
PRD_1449,LOC_177,1
PRD_1450,LOC_180,1
PRD_1451,LOC_178,1
PRD_1452,LOC_178,1
PRD_1453,LOC_178,1
PRD_1454,LOC_179,1
PRD_1455,LOC_179,1
PRD_1456,LOC_175,1
PRD_1457,LOC_175,1
PRD_1458,LOC_175,1
PRD_1459,LOC_175,1
PRD_1460,LOC_175,1
PRD_1461,LOC_175,1
PRD_1462,LOC_175,1
PRD_1463,LOC_175,1
PRD_1464,LOC_175,1
PRD_1465,LOC_175,1
PRD_1466,LOC_175,1
PRD_1467,LOC_175,1
PRD_1468,LOC_175,1
PRD_1469,LOC_176,1
PRD_1470,LOC_176,1
PRD_1471,LOC_176,1
PRD_1472,LOC_176,1
PRD_1473,LOC_176,1
PRD_1474,LOC_176,1
PRD_1475,LOC_176,1
PRD_1476,LOC_181,1
PRD_1477,LOC_181,1
PRD_1478,LOC_181,1
PRD_1479,LOC_181,1
PRD_1480,LOC_181,1
PRD_1481,LOC_182,1
PRD_1482,LOC_182,1
PRD_1483,LOC_182,1
PRD_1484,LOC_183,1
PRD_1485,LOC_183,1
PRD_1486,LOC_184,1
PRD_1487,LOC_184,1
PRD_1488,LOC_184,1
PRD_1489,LOC_184,1
PRD_1490,LOC_185,1
PRD_1491,LOC_184,1
PRD_1492,LOC_184,1
PRD_1493,LOC_184,1
PRD_1494,LOC_184,1
PRD_1495,LOC_184,1
PRD_1496,LOC_184,1
PRD_1497,LOC_184,1
PRD_1498,LOC_184,1
PRD_1499,LOC_184,1
PRD_1500,LOC_184,1
PRD_1501,LOC_184,1
PRD_1502,LOC_185,1
PRD_1503,LOC_185,1
PRD_1504,LOC_185,1
PRD_1505,LOC_184,1
PRD_1506,LOC_184,1
PRD_1507,LOC_184,1
PRD_1508,LOC_184,1
PRD_1509,LOC_184,1
PRD_1510,LOC_186,1
PRD_1511,LOC_186,1
PRD_1512,LOC_186,1
PRD_1513,LOC_186,1
PRD_1514,LOC_186,1
PRD_1515,LOC_186,1
PRD_1516,LOC_186,1
PRD_1517,LOC_186,1
PRD_1518,LOC_186,1
PRD_1519,LOC_186,1
PRD_1520,LOC_186,1
PRD_1521,LOC_187,1
PRD_1522,LOC_187,1
PRD_1523,LOC_187,1
PRD_1524,LOC_187,1
PRD_1525,LOC_187,1
PRD_1526,LOC_187,1
PRD_1527,LOC_187,1
PRD_1528,LOC_187,1
PRD_1529,LOC_188,1
PRD_1530,LOC_188,1
PRD_1531,LOC_188,1
PRD_1532,LOC_188,1
PRD_1533,LOC_188,1
PRD_1534,LOC_189,1
PRD_1535,LOC_189,1
PRD_1536,LOC_201,1
PRD_1537,LOC_200,1
PRD_1538,LOC_200,1
PRD_1539,LOC_201,1
PRD_1540,LOC_199,1
PRD_1541,LOC_209,1
PRD_1542,LOC_208,1
PRD_1543,LOC_207,1
PRD_1544,LOC_202,1
PRD_1545,LOC_201,1
PRD_1546,LOC_201,1
PRD_1547,LOC_203,1
PRD_1548,LOC_204,1
PRD_1549,LOC_205,1
PRD_1550,LOC_210,1
PRD_1551,LOC_199,1
PRD_1552,LOC_211,1
PRD_1553,LOC_201,1
PRD_1554,LOC_212,1
PRD_1555,LOC_206,1
PRD_1556,LOC_249,1
PRD_1557,LOC_250,1
PRD_1558,LOC_220,1
PRD_1559,LOC_221,1
PRD_1560,LOC_221,1
PRD_1561,LOC_213,1
PRD_1562,LOC_213,1
PRD_1563,LOC_214,1
PRD_1564,LOC_215,1
PRD_1565,LOC_216,1
PRD_1566,LOC_217,1
PRD_1567,LOC_240,1
PRD_1568,LOC_218,1
PRD_1569,LOC_219,1
PRD_1570,LOC_242,1
PRD_1571,LOC_222,1
PRD_1572,LOC_245,1
PRD_1573,LOC_251,1
PRD_1574,LOC_223,1
PRD_1575,LOC_224,1
PRD_1576,LOC_225,1
PRD_1577,LOC_226,1
PRD_1578,LOC_248,1
PRD_1579,LOC_242,1
PRD_1580,LOC_228,1
PRD_1581,LOC_227,1
PRD_1582,LOC_229,1
PRD_1583,LOC_252,1
PRD_1584,LOC_253,1
PRD_1585,LOC_250,1